<?xml version="1.0" encoding="UTF-8"?>
<project-private xmlns="http://www.netbeans.org/ns/project-private/1">
    <editor-bookmarks xmlns="http://www.netbeans.org/ns/editor-bookmarks/2" lastBookmarkId="0"/>
    <open-files xmlns="http://www.netbeans.org/ns/projectui-open-files/2">
        <group>
            <file>file:/H:/Duoc/2018%20-%204to%20Semestre/Diseño_estructuras_datos/20181122%20Solemne%203%20-%20Desarrollo/SolemneDED3/DED4501-002V-Solemne3-%20Avilés-Molina/Venta_De_Ticket_DED/src/cl/duoc/ded5401/Solemne3/VentaDeTickets/Recursos/PilaE.java</file>
            <file>file:/H:/Duoc/2018%20-%204to%20Semestre/Diseño_estructuras_datos/20181122%20Solemne%203%20-%20Desarrollo/SolemneDED3/DED4501-002V-Solemne3-%20Avilés-Molina/Venta_De_Ticket_DED/src/cl/duoc/ded5401/Solemne3/VentaDeTickets/Recursos/Nodo.java</file>
            <file>file:/H:/Duoc/2018%20-%204to%20Semestre/Diseño_estructuras_datos/20181122%20Solemne%203%20-%20Desarrollo/SolemneDED3/DED4501-002V-Solemne3-%20Avilés-Molina/Venta_De_Ticket_DED/src/cl/duoc/ded5401/Solemne3/VentaDeTickets/Main/Tickets_DED.java</file>
            <file>file:/H:/Duoc/2018%20-%204to%20Semestre/Diseño_estructuras_datos/20181122%20Solemne%203%20-%20Desarrollo/SolemneDED3/DED4501-002V-Solemne3-%20Avilés-Molina/Venta_De_Ticket_DED/src/cl/duoc/ded5401/Solemne3/VentaDeTickets/Recursos/Lista_Enlazada.java</file>
            <file>file:/H:/Duoc/2018%20-%204to%20Semestre/Diseño_estructuras_datos/20181122%20Solemne%203%20-%20Desarrollo/SolemneDED3/DED4501-002V-Solemne3-%20Avilés-Molina/Venta_De_Ticket_DED/src/cl/duoc/ded5401/Solemne3/VentaDeTickets/Recursos/Animal.java</file>
            <file>file:/H:/Duoc/2018%20-%204to%20Semestre/Diseño_estructuras_datos/20181122%20Solemne%203%20-%20Desarrollo/SolemneDED3/DED4501-002V-Solemne3-%20Avilés-Molina/Venta_De_Ticket_DED/src/cl/duoc/ded5401/Solemne3/VentaDeTickets/Recursos/NodoArbol.java</file>
            <file>file:/H:/Duoc/2018%20-%204to%20Semestre/Diseño_estructuras_datos/20181122%20Solemne%203%20-%20Desarrollo/SolemneDED3/DED4501-002V-Solemne3-%20Avilés-Molina/Venta_De_Ticket_DED/src/cl/duoc/ded5401/Solemne3/VentaDeTickets/Recursos/Ticket.java</file>
            <file>file:/H:/Duoc/2018%20-%204to%20Semestre/Diseño_estructuras_datos/20181122%20Solemne%203%20-%20Desarrollo/SolemneDED3/DED4501-002V-Solemne3-%20Avilés-Molina/Venta_De_Ticket_DED/src/cl/duoc/ded5401/Solemne3/VentaDeTickets/Recursos/ColaE.java</file>
            <file>file:/H:/Duoc/2018%20-%204to%20Semestre/Diseño_estructuras_datos/20181122%20Solemne%203%20-%20Desarrollo/SolemneDED3/DED4501-002V-Solemne3-%20Avilés-Molina/Venta_De_Ticket_DED/src/cl/duoc/ded5401/Solemne3/VentaDeTickets/Recursos/ArbolBalanceado.java</file>
        </group>
    </open-files>
</project-private>
