--TABLA PERSON
INSERT INTO PERSONA (RUT, DV, NOMBRE, APELLIDOPATERNO, APELLIDOMATERNO, DIRECCION, FONO, FECHAINGRESO, EMAIL) VALUES('2','7','CRISTOBAL','MOLINA','','LAS TRANQUERAS 124','994093455',to_date('2020-09-12','yyyy-mm-dd'),'cm@alumnos.duoc.cl');
INSERT INTO PERSONA (RUT, DV, NOMBRE, APELLIDOPATERNO, APELLIDOMATERNO, DIRECCION, FONO, FECHAINGRESO, EMAIL) VALUES('3','5','VICTOR','VALENZUELA','','LAS TRANQUERAS 125','994093456',to_date('2020-09-12','yyyy-mm-dd'),'vv@alumnos.duoc.cl');
INSERT INTO "RESTAURANT"."PERSONA" (RUT, DV, NOMBRE, APELLIDOPATERNO, DIRECCION, FONO, FECHAINGRESO, EMAIL) VALUES ('1', '4', 'LEONARDO', 'ARANDA', 'LAS TRANQUERAS 125', '994093456', TO_DATE('2020-09-12 00:00:00', 'YYYY-MM-DD HH24:MI:SS'), 'la@alumnos.duoc.cl');
INSERT INTO "RESTAURANT"."PERSONA" (RUT, DV, NOMBRE, APELLIDOPATERNO, DIRECCION, FONO, FECHAINGRESO, EMAIL) VALUES ('4', '5', 'FABIAN', 'SALDANO', 'LAS TRANQUERAS 125', '994093456', TO_DATE('2020-09-12 00:00:00', 'YYYY-MM-DD HH24:MI:SS'), 'fs@alumnos.duoc.cl');
INSERT INTO "RESTAURANT"."PERSONA" (RUT, DV, NOMBRE, APELLIDOPATERNO, DIRECCION, FONO, FECHAINGRESO, EMAIL) VALUES ('15887269', '2', 'IVAN', 'AVILES', 'MARIA ELENA 1634', '987334827', TO_DATE('2020-09-12 00:00:00', 'YYYY-MM-DD HH24:MI:SS'), 'ia@alumnos.duoc.cl');

INSERT INTO "RESTAURANT"."PERSONA" (RUT, DV, NOMBRE, APELLIDOPATERNO, DIRECCION, FONO, FECHAINGRESO, EMAIL) VALUES ('6', 'k', 'Pedro', 'Morales', 'Duoc 123', '994093123', TO_DATE('2020-09-12 00:00:00', 'YYYY-MM-DD HH24:MI:SS'), 'pm@alumnos.duoc.cl');
INSERT INTO "RESTAURANT"."PERSONA" (RUT, DV, NOMBRE, APELLIDOPATERNO, DIRECCION, FONO, FECHAINGRESO, EMAIL) VALUES ('7', '1', 'Matias', 'Olguin', 'Duoc 1456', '994091234', TO_DATE('2020-09-12 00:00:00', 'YYYY-MM-DD HH24:MI:SS'), 'mo@alumnos.duoc.cl');


--TABLA ALERTASTOCK
INSERT INTO "RESTAURANT"."ALERTASTOCK" (DESCALERTA) VALUES ('ALERTA PAPAS');
INSERT INTO "RESTAURANT"."ALERTASTOCK" (DESCALERTA) VALUES ('ALERTA TOMATE');
INSERT INTO "RESTAURANT"."ALERTASTOCK" (DESCALERTA) VALUES ('ALERTA CHOCLO');
INSERT INTO "RESTAURANT"."ALERTASTOCK" (DESCALERTA) VALUES ('ALERTA CEBOLLA');
INSERT INTO "RESTAURANT"."ALERTASTOCK" (DESCALERTA) VALUES ('ALERTA FIDEOS');
INSERT INTO "RESTAURANT"."ALERTASTOCK" (DESCALERTA) VALUES ('ALERTA ARROZ');
INSERT INTO "RESTAURANT"."ALERTASTOCK" (DESCALERTA) VALUES ('ALERTA ZANAHORIA');
INSERT INTO "RESTAURANT"."ALERTASTOCK" (DESCALERTA) VALUES ('ALERTA POLLO');
INSERT INTO "RESTAURANT"."ALERTASTOCK" (DESCALERTA) VALUES ('ALERTA CERDO');



--TABLA TIPOPRODUCTO
INSERT INTO TIPOPRODUCTO (DESCTIPOPRODUCTO) VALUES ('PLATO');
INSERT INTO TIPOPRODUCTO (DESCTIPOPRODUCTO) VALUES ('BEBESTIBLE');
INSERT INTO TIPOPRODUCTO (DESCTIPOPRODUCTO) VALUES ('ENSALADA');
INSERT INTO TIPOPRODUCTO (DESCTIPOPRODUCTO) VALUES ('POSTRE');


--TABLA MEDIOPAGO
INSERT INTO MEDIOPAGO (DESCMEDIOPAGO) VALUES ('EFECTIVO');
INSERT INTO MEDIOPAGO (DESCMEDIOPAGO) VALUES ('TD');
INSERT INTO MEDIOPAGO (DESCMEDIOPAGO) VALUES ('TC');

--TABLA ESTADOMESA
INSERT INTO ESTADOMESA (DESCESTADOMESA)VALUES ( 'HABILITADA' );
INSERT INTO ESTADOMESA (DESCESTADOMESA)VALUES ( 'DESHABILITADA' );
INSERT INTO ESTADOMESA (DESCESTADOMESA)VALUES ( 'EN USO' );

--TABLA RESTAURANT
INSERT INTO RESTAURANT ( DIRECCIONLOCAL) VALUES ('BAHIA SUR 165');

--TABLA MESA
INSERT INTO "RESTAURANT"."MESA" (DESCMESA, CAPACIDAD, IDESTADOMESA, IDLOCAL) VALUES ('MESA 1', '2', '1', '1');
INSERT INTO "RESTAURANT"."MESA" (DESCMESA, CAPACIDAD, IDESTADOMESA, IDLOCAL) VALUES ('MESA 2', '2', '1', '1');
INSERT INTO "RESTAURANT"."MESA" (DESCMESA, CAPACIDAD, IDESTADOMESA, IDLOCAL) VALUES ('MESA 3', '4', '1', '1');
INSERT INTO "RESTAURANT"."MESA" (DESCMESA, CAPACIDAD, IDESTADOMESA, IDLOCAL) VALUES ('MESA 4', '4', '1', '1');
INSERT INTO "RESTAURANT"."MESA" (DESCMESA, CAPACIDAD, IDESTADOMESA, IDLOCAL) VALUES ('MESA 5', '4', '1', '1');
INSERT INTO "RESTAURANT"."MESA" (DESCMESA, CAPACIDAD, IDESTADOMESA, IDLOCAL) VALUES ('MESA 6', '6', '1', '1');
INSERT INTO "RESTAURANT"."MESA" (DESCMESA, CAPACIDAD, IDESTADOMESA, IDLOCAL) VALUES ('MESA 7', '6', '1', '1');
INSERT INTO "RESTAURANT"."MESA" (DESCMESA, CAPACIDAD, IDESTADOMESA, IDLOCAL) VALUES ('MESA 8', '6', '1', '1');
INSERT INTO "RESTAURANT"."MESA" (DESCMESA, CAPACIDAD, IDESTADOMESA, IDLOCAL) VALUES ('MESA 9', '8', '1', '1');
INSERT INTO "RESTAURANT"."MESA" (DESCMESA, CAPACIDAD, IDESTADOMESA, IDLOCAL) VALUES ('MESA 10', '8', '1', '1');
INSERT INTO "RESTAURANT"."MESA" (DESCMESA, CAPACIDAD, IDESTADOMESA, IDLOCAL) VALUES ('MESA 11', '8', '1', '1');
INSERT INTO "RESTAURANT"."MESA" (DESCMESA, CAPACIDAD, IDESTADOMESA, IDLOCAL) VALUES ('MESA 12', '8', '1', '1');


--TABLA USUARIO
INSERT INTO "RESTAURANT"."USUARIO" (IDPERSONA, USERID, PASSWORD) VALUES ('1', 'CMOLINA', '1234');
INSERT INTO "RESTAURANT"."USUARIO" (IDPERSONA, USERID, PASSWORD) VALUES ('2', 'VVALENZ', '1234');
INSERT INTO "RESTAURANT"."USUARIO" (IDPERSONA, USERID, PASSWORD) VALUES ('3', 'LARANDA', '1234');
INSERT INTO "RESTAURANT"."USUARIO" (IDPERSONA, USERID, PASSWORD) VALUES ('4', 'FSALDANO', '1234');
INSERT INTO "RESTAURANT"."USUARIO" (IDPERSONA, USERID, PASSWORD) VALUES ('5', 'IAVILES', '1234');


--TABLA ESTADORESERVA
INSERT INTO "RESTAURANT"."ESTADORESERVA" (DESCESTRESERVA) VALUES ('CREADA');
INSERT INTO "RESTAURANT"."ESTADORESERVA" (DESCESTRESERVA) VALUES ('EN USO');
INSERT INTO "RESTAURANT"."ESTADORESERVA" (DESCESTRESERVA) VALUES ('CANCELADA');


--TABLA INSUMOS
INSERT INTO "RESTAURANT"."INSUMO" (DESCINSUMO, PRECIOINSUMO) VALUES ('25 K PAPAS', '15000');
INSERT INTO "RESTAURANT"."INSUMO" (DESCINSUMO, PRECIOINSUMO) VALUES ('50 UNIDAD CHOCLO', '15000');
INSERT INTO "RESTAURANT"."INSUMO" (DESCINSUMO, PRECIOINSUMO) VALUES ('1 CAJON TOMATE', '7000');
INSERT INTO "RESTAURANT"."INSUMO" (DESCINSUMO, PRECIOINSUMO) VALUES ('1 MANGA FIDEOS', '10000');
INSERT INTO "RESTAURANT"."INSUMO" (DESCINSUMO, PRECIOINSUMO) VALUES ('1 MANGA ARROZ', '10000');
INSERT INTO "RESTAURANT"."INSUMO" (DESCINSUMO, PRECIOINSUMO) VALUES ('PACK 10 POLLOS', '40000');
INSERT INTO "RESTAURANT"."INSUMO" (DESCINSUMO, PRECIOINSUMO) VALUES ('PACK 10 K LOMO', '60000');
INSERT INTO "RESTAURANT"."INSUMO" (DESCINSUMO, PRECIOINSUMO) VALUES ('PACK 10 K COSTILLA', '40000');
INSERT INTO "RESTAURANT"."INSUMO" (DESCINSUMO, PRECIOINSUMO) VALUES ('PACK 10 K POSTA', '30000');
INSERT INTO "RESTAURANT"."INSUMO" (DESCINSUMO, PRECIOINSUMO) VALUES ('PACK 10 K PULPA', '35000');
INSERT INTO "RESTAURANT"."INSUMO" (DESCINSUMO, PRECIOINSUMO) VALUES ('PACK 10 K CHULETA', '40000');

--TABLA FUNCIONALIDAD
INSERT INTO "RESTAURANT"."FUNCIONALIDAD" (DESCRIPCION, RUTAURI) VALUES ('Mantenedor de Insumos', '');
INSERT INTO "RESTAURANT"."FUNCIONALIDAD" (DESCRIPCION, RUTAURI) VALUES ('Mantenedor Cliente', '');


--TABLA ESTADO PROVEEDOR
INSERT INTO "RESTAURANT"."ESTADOPROVEEDOR" (DESCESTPRO) VALUES ('HABILITADO');
INSERT INTO "RESTAURANT"."ESTADOPROVEEDOR" (DESCESTPRO) VALUES ('INHABILITADO');


--TABLA CAJAESTADO
INSERT INTO "RESTAURANT"."CAJAESTADO" (DESCCAJAESTADO) VALUES ('ABIERTA');
INSERT INTO "RESTAURANT"."CAJAESTADO" (DESCCAJAESTADO) VALUES ('CERRADA');
INSERT INTO "RESTAURANT"."CAJAESTADO" (DESCCAJAESTADO) VALUES ('CERRADA CON OBSERVACIONES');

--TABLA ESTADOPRODUCTO
INSERT INTO "RESTAURANT"."ESTADOPRODUCTO" (DESCESTPRODUCTO) VALUES ('DISPONIBLE');
INSERT INTO "RESTAURANT"."ESTADOPRODUCTO" (DESCESTPRODUCTO) VALUES ('EN USO');
INSERT INTO "RESTAURANT"."ESTADOPRODUCTO" (DESCESTPRODUCTO) VALUES ('PENDIENTE');
INSERT INTO "RESTAURANT"."ESTADOPRODUCTO" (DESCESTPRODUCTO) VALUES ('POR COMPRAR');
INSERT INTO "RESTAURANT"."ESTADOPRODUCTO" (DESCESTPRODUCTO) VALUES ('COMPRADO');


-- TABLA ESTADOORDEN
INSERT INTO "RESTAURANT"."ESTADOORDEN" (DESCESTORDEN) VALUES ('CREADA');
INSERT INTO "RESTAURANT"."ESTADOORDEN" (DESCESTORDEN) VALUES ('EN PROGRESO');
INSERT INTO "RESTAURANT"."ESTADOORDEN" (DESCESTORDEN) VALUES ('CANCELADA');
INSERT INTO "RESTAURANT"."ESTADOORDEN" (DESCESTORDEN) VALUES ('ENTREGADA');
INSERT INTO "RESTAURANT"."ESTADOORDEN" (DESCESTORDEN) VALUES ('PENDIENTE');
INSERT INTO "RESTAURANT"."ESTADOORDEN" (DESCESTORDEN) VALUES ('PAGADA');

--TABLA TIPOCUENTA
INSERT INTO "RESTAURANT"."TIPOCUENTA" (DESCTIPOCUENTA) VALUES ('CORRIENTE');
INSERT INTO "RESTAURANT"."TIPOCUENTA" (DESCTIPOCUENTA) VALUES ('VISTA');
INSERT INTO "RESTAURANT"."TIPOCUENTA" (DESCTIPOCUENTA) VALUES ('AHORRO');


--TABLA ENTIDADBANCARIA
INSERT INTO "RESTAURANT"."ENTIDADBANCARIA" (DESCBANCO, IDTIPOCUENTA) VALUES ('BANCO ESTADO', '1');
INSERT INTO "RESTAURANT"."ENTIDADBANCARIA" (DESCBANCO, IDTIPOCUENTA) VALUES ('BANCO CHILE', '2');
INSERT INTO "RESTAURANT"."ENTIDADBANCARIA" (DESCBANCO, IDTIPOCUENTA) VALUES ('BANCO ITAU', '1');
INSERT INTO "RESTAURANT"."ENTIDADBANCARIA" (DESCBANCO, IDTIPOCUENTA) VALUES ('BANCO SANTANDER', '3');



--TABLA EMPLEADOTURNO
INSERT INTO "RESTAURANT"."EMPLEADOTURNO" (FECHATURNO, HORADESDE, HORAHASTA, IDPERSONA) VALUES (TO_DATE('2020-10-01 19:17:59', 'YYYY-MM-DD HH24:MI:SS'), '10', '10', '1');
INSERT INTO "RESTAURANT"."EMPLEADOTURNO" (FECHATURNO, HORADESDE, HORAHASTA, IDPERSONA) VALUES (TO_DATE('2020-10-02 19:18:21', 'YYYY-MM-DD HH24:MI:SS'), '10', '19', '2');

--TABLA CAJAOPERACION
INSERT INTO "RESTAURANT"."CAJAOPERACION" (montooperacion,fechainiciocaja, fechacierrecaja, idcajaestado, idpersona) VALUES (50000, TO_DATE('2020-10-01 19:23:31', 'YYYY-MM-DD HH24:MI:SS'), '', 1, '3');
INSERT INTO "RESTAURANT"."CAJAOPERACION" (montooperacion,fechainiciocaja, fechacierrecaja, idcajaestado, idpersona) VALUES (40000, TO_DATE('2020-10-02 19:23:45', 'YYYY-MM-DD HH24:MI:SS'), '', 1, '3');



--TABLA INGRESO
INSERT INTO "RESTAURANT"."INGRESO" (MONTO, DESCINGRESO, FECHAMOVIMIENTO) VALUES ('20000', 'MESA 3 _1', TO_DATE('2020-10-01 00:00:00', 'YYYY-MM-DD HH24:MI:SS'));
INSERT INTO "RESTAURANT"."INGRESO" (MONTO, DESCINGRESO, FECHAMOVIMIENTO) VALUES ('8000', 'MESA 3 _1', TO_DATE('2020-10-02 00:00:00', 'YYYY-MM-DD HH24:MI:SS'));


--TABLA CLIENTE
INSERT INTO "RESTAURANT"."CLIENTE" (IDPERSONA) VALUES ('6');
INSERT INTO "RESTAURANT"."CLIENTE" (IDPERSONA) VALUES ('7');


--TABLA PEDIDO
INSERT INTO "RESTAURANT"."PEDIDO" (FECHAPEDIDO, IDPERSONA) VALUES (TO_DATE('2020-10-01 19:33:56', 'YYYY-MM-DD HH24:MI:SS'), '4');
INSERT INTO "RESTAURANT"."PEDIDO" (FECHAPEDIDO, IDPERSONA) VALUES (TO_DATE('2020-10-01 19:34:04', 'YYYY-MM-DD HH24:MI:SS'), '4');
INSERT INTO "RESTAURANT"."PEDIDO" (FECHAPEDIDO, IDPERSONA) VALUES (TO_DATE('2020-10-02 19:34:10', 'YYYY-MM-DD HH24:MI:SS'), '4');


--TABLA PAGOPEDIDO
INSERT INTO "RESTAURANT"."PAGOPEDIDO" (FECHACOMPRA, IDPEDIDO, IDPERSONA) VALUES (TO_DATE('2020-10-01 19:34:51', 'YYYY-MM-DD HH24:MI:SS'), '1', '4');
INSERT INTO "RESTAURANT"."PAGOPEDIDO" (FECHACOMPRA, IDPEDIDO, IDPERSONA) VALUES (TO_DATE('2020-10-01 19:34:59', 'YYYY-MM-DD HH24:MI:SS'), '2', '4');
INSERT INTO "RESTAURANT"."PAGOPEDIDO" (FECHACOMPRA, IDPEDIDO, IDPERSONA) VALUES (TO_DATE('2020-10-02 19:35:06', 'YYYY-MM-DD HH24:MI:SS'), '3', '4');

--TABLA EGRESO
INSERT INTO "RESTAURANT"."EGRESO" (MONTO, DESCMOVIMIENTO, FECHAMOVIMIENTO) VALUES ('50000', 'PAGO COMPRA 1', TO_DATE('2020-10-01 00:00:00', 'YYYY-MM-DD HH24:MI:SS'));
INSERT INTO "RESTAURANT"."EGRESO" (MONTO, DESCMOVIMIENTO, FECHAMOVIMIENTO) VALUES ('50000', 'PAGO COMPRA 2', TO_DATE('2020-10-01 00:00:00', 'YYYY-MM-DD HH24:MI:SS'));
INSERT INTO "RESTAURANT"."EGRESO" (MONTO, DESCMOVIMIENTO, FECHAMOVIMIENTO) VALUES ('50000', 'PAGO COMPRA 3', TO_DATE('2020-10-02 19:36:53', 'YYYY-MM-DD HH24:MI:SS'));



--TABLA DOCTPAGOTIPO
INSERT INTO "RESTAURANT"."DOCTPAGOTIPO" (DESCDOCTPAGOTIPO) VALUES ('TF');
INSERT INTO "RESTAURANT"."DOCTPAGOTIPO" (DESCDOCTPAGOTIPO) VALUES ('CASH');
INSERT INTO "RESTAURANT"."DOCTPAGOTIPO" (DESCDOCTPAGOTIPO) VALUES ('CHEQ');
INSERT INTO "RESTAURANT"."DOCTPAGOTIPO" (DESCDOCTPAGOTIPO) VALUES ('VOUCHER');


--TABLA RESERVA
INSERT INTO "RESTAURANT"."RESERVA" (FECHARESERVA, CANTIDADCLIENTE,idestadoreserva, IDPERSONA, MSGRESERVA, horareserva) VALUES (TO_DATE('2020-10-01 19:50:45', 'YYYY-MM-DD HH24:MI:SS'), '2', '2', '6','','');
INSERT INTO "RESTAURANT"."RESERVA" (FECHARESERVA, CANTIDADCLIENTE, idestadoreserva, IDPERSONA, MSGRESERVA, horareserva) VALUES (TO_DATE('2020-10-02 00:00:00', 'YYYY-MM-DD HH24:MI:SS'), '1', '2', '7','','');
INSERT INTO "RESTAURANT"."RESERVA" (FECHARESERVA, CANTIDADCLIENTE, idestadoreserva, IDPERSONA, MSGRESERVA, horareserva) VALUES (TO_DATE('2020-10-03 00:00:00', 'YYYY-MM-DD HH24:MI:SS'), '4', '2', '6','','');


--TABLA ORDEN
INSERT INTO "RESTAURANT"."ORDEN" (FECHAORDEN, IDRESRVA, IDESTADO, IDEMPTURNO,IDMESA) VALUES (TO_DATE('2020-10-01 19:55:48', 'YYYY-MM-DD HH24:MI:SS'), '1', '2', '1','1');
INSERT INTO "RESTAURANT"."ORDEN" (FECHAORDEN, IDRESRVA, IDESTADO, IDEMPTURNO,IDMESA) VALUES (TO_DATE('2020-10-02 19:55:54', 'YYYY-MM-DD HH24:MI:SS'), '2', '2', '2','2');


--TABLA DOCUMENTOPAGO
INSERT INTO "RESTAURANT"."DOCUMENTOPAGO" (IDORDEN, TOTAL, IDPERSONA, IDDOCTPAGOTIPO, IDMEDIOPAGO) VALUES ('1', '12000', '6', '1', '1');
INSERT INTO "RESTAURANT"."DOCUMENTOPAGO" (IDORDEN, TOTAL, IDPERSONA, IDDOCTPAGOTIPO, IDMEDIOPAGO) VALUES ('2', '20000', '7', '2', '2');


--TABLA DETPEDIDOINS
INSERT INTO "RESTAURANT"."DETPEDIDOINS" (CANTINSUMO, FECHAPEDIDO, IDPEDIDO, IDINSUMO) VALUES ('5', TO_DATE('2020-10-01 19:48:11', 'YYYY-MM-DD HH24:MI:SS'), '1', '1');
INSERT INTO "RESTAURANT"."DETPEDIDOINS" (CANTINSUMO, FECHAPEDIDO, IDPEDIDO, IDINSUMO) VALUES ('6', TO_DATE('2020-10-01 00:00:00', 'YYYY-MM-DD HH24:MI:SS'), '1', '5');
INSERT INTO "RESTAURANT"."DETPEDIDOINS" (CANTINSUMO, FECHAPEDIDO, IDPEDIDO, IDINSUMO) VALUES ('3', TO_DATE('2020-10-01 00:00:00', 'YYYY-MM-DD HH24:MI:SS'), '2', '4');
INSERT INTO "RESTAURANT"."DETPEDIDOINS" (CANTINSUMO, FECHAPEDIDO, IDPEDIDO, IDINSUMO) VALUES ('2', TO_DATE('2020-10-01 00:00:00', 'YYYY-MM-DD HH24:MI:SS'), '2', '3');
INSERT INTO "RESTAURANT"."DETPEDIDOINS" (CANTINSUMO, FECHAPEDIDO, IDPEDIDO, IDINSUMO) VALUES ('1', TO_DATE('2020-10-01 00:00:00', 'YYYY-MM-DD HH24:MI:SS'), '3', '2');
INSERT INTO "RESTAURANT"."DETPEDIDOINS" (CANTINSUMO, FECHAPEDIDO, IDPEDIDO, IDINSUMO) VALUES ('8', TO_DATE('2020-10-01 00:00:00', 'YYYY-MM-DD HH24:MI:SS'), '3', '1');

--TABLA TIPOMOVBANCO

INSERT INTO "RESTAURANT"."TIPOMOVBANCO" (DESCTIPOMOVBCO) VALUES ('DEPOSITO');
INSERT INTO "RESTAURANT"."TIPOMOVBANCO" (DESCTIPOMOVBCO) VALUES ('RETIRO');
INSERT INTO "RESTAURANT"."TIPOMOVBANCO" (DESCTIPOMOVBCO) VALUES ('EGRESO EFECTIVO');
INSERT INTO "RESTAURANT"."TIPOMOVBANCO" (DESCTIPOMOVBCO) VALUES ('EGRESO CHEQUE');
INSERT INTO "RESTAURANT"."TIPOMOVBANCO" (DESCTIPOMOVBCO) VALUES ('EGRESO TRF');
INSERT INTO "RESTAURANT"."TIPOMOVBANCO" (DESCTIPOMOVBCO) VALUES ('INGRESO EFECTIVO');
INSERT INTO "RESTAURANT"."TIPOMOVBANCO" (DESCTIPOMOVBCO) VALUES ('INGRESO TEF');
INSERT INTO "RESTAURANT"."TIPOMOVBANCO" (DESCTIPOMOVBCO) VALUES ('INGRESO CHEQUE');


--TABLA BANCOMOVIMIENTO
INSERT INTO "RESTAURANT"."BANCOMOVIMIENTO" (MontoMov, NumCuenta, IdTipoMovBco, IdEntBancaria) VALUES (50000, '', '1', '');
INSERT INTO "RESTAURANT"."BANCOMOVIMIENTO" (MontoMov, NumCuenta, IdTipoMovBco, IdEntBancaria) VALUES (50000, '', '1', '');
INSERT INTO "RESTAURANT"."BANCOMOVIMIENTO" (MontoMov, NumCuenta, IdTipoMovBco, IdEntBancaria) VALUES (50000, '', '1', '1');
INSERT INTO "RESTAURANT"."BANCOMOVIMIENTO" (MontoMov, NumCuenta, IdTipoMovBco, IdEntBancaria) VALUES (50000, '23344', '2', '1');
INSERT INTO "RESTAURANT"."BANCOMOVIMIENTO" (MontoMov, NumCuenta, IdTipoMovBco, IdEntBancaria) VALUES (50000, '23344', '2', '1');

--TABLA TIPOMOVBODEGA
INSERT INTO "RESTAURANT"."TIPOMOVBODEGA" (DESCTIPOMOVBODEGA) VALUES ('ENTRADA DE PRODUCTO');
INSERT INTO "RESTAURANT"."TIPOMOVBODEGA" (DESCTIPOMOVBODEGA) VALUES ('SALIDA DE PRODUCTO');

--TABLA BODEGAMOVIMIENTO
INSERT INTO "RESTAURANT"."BODEGAMOVIMIENTO" (FECHAMOVIMIENTO, VALORPRODUCTO, IDTIPOMOVBDGA, PESO, IDINSUMO) VALUES (TO_DATE('2020-10-01 22:53:30', 'YYYY-MM-DD HH24:MI:SS'), '15000', '1', '25', '1');
INSERT INTO "RESTAURANT"."BODEGAMOVIMIENTO" (FECHAMOVIMIENTO, VALORPRODUCTO, IDTIPOMOVBDGA, PESO, IDINSUMO) VALUES (TO_DATE('2020-10-01 00:00:00', 'YYYY-MM-DD HH24:MI:SS'), '15000', '1', '25', '2');
INSERT INTO "RESTAURANT"."BODEGAMOVIMIENTO" (FECHAMOVIMIENTO, VALORPRODUCTO, IDTIPOMOVBDGA, PESO, IDINSUMO) VALUES (TO_DATE('2020-10-01 00:00:00', 'YYYY-MM-DD HH24:MI:SS'), '7000', '2', '25', '3');
INSERT INTO "RESTAURANT"."BODEGAMOVIMIENTO" (FECHAMOVIMIENTO, VALORPRODUCTO, IDTIPOMOVBDGA, PESO, IDINSUMO) VALUES (TO_DATE('2020-10-01 00:00:00', 'YYYY-MM-DD HH24:MI:SS'), '10000', '2', '30', '4');
INSERT INTO "RESTAURANT"."BODEGAMOVIMIENTO" (FECHAMOVIMIENTO, VALORPRODUCTO, IDTIPOMOVBDGA, PESO, IDINSUMO) VALUES (TO_DATE('2020-10-01 00:00:00', 'YYYY-MM-DD HH24:MI:SS'), '10000', '2', '25', '5');
INSERT INTO "RESTAURANT"."BODEGAMOVIMIENTO" (FECHAMOVIMIENTO, VALORPRODUCTO, IDTIPOMOVBDGA, PESO, IDINSUMO) VALUES (TO_DATE('2020-10-01 00:00:00', 'YYYY-MM-DD HH24:MI:SS'), '40000', '1', '25', '6');
INSERT INTO "RESTAURANT"."BODEGAMOVIMIENTO" (FECHAMOVIMIENTO, VALORPRODUCTO, IDTIPOMOVBDGA, PESO, IDINSUMO) VALUES (TO_DATE('2020-10-01 00:00:00', 'YYYY-MM-DD HH24:MI:SS'), '60000', '1', '25', '7');
INSERT INTO "RESTAURANT"."BODEGAMOVIMIENTO" (FECHAMOVIMIENTO, VALORPRODUCTO, IDTIPOMOVBDGA, PESO, IDINSUMO) VALUES (TO_DATE('2020-10-01 00:00:00', 'YYYY-MM-DD HH24:MI:SS'), '40000', '2', '30', '1');
INSERT INTO "RESTAURANT"."BODEGAMOVIMIENTO" (FECHAMOVIMIENTO, VALORPRODUCTO, IDTIPOMOVBDGA, PESO, IDINSUMO) VALUES (TO_DATE('2020-10-01 00:00:00', 'YYYY-MM-DD HH24:MI:SS'), '30000', '1', '10', '2');


--TABLA INSUMOSTOCK
INSERT INTO "RESTAURANT"."INSUMOSTOCK" (STOCKACTUAL, STOCKMINIMO, IDINSUMO, PESO) VALUES ('20', '4', '1', '25');
INSERT INTO "RESTAURANT"."INSUMOSTOCK" (STOCKACTUAL, STOCKMINIMO, IDINSUMO, PESO) VALUES ('20', '5', '2', '50');
INSERT INTO "RESTAURANT"."INSUMOSTOCK" (STOCKACTUAL, STOCKMINIMO, IDINSUMO, PESO) VALUES ('20', '10', '3', '10');
INSERT INTO "RESTAURANT"."INSUMOSTOCK" (STOCKACTUAL, STOCKMINIMO, IDINSUMO, PESO) VALUES ('20', '5', '4', '10');
INSERT INTO "RESTAURANT"."INSUMOSTOCK" (STOCKACTUAL, STOCKMINIMO, IDINSUMO, PESO) VALUES ('20', '6', '5', '10');
INSERT INTO "RESTAURANT"."INSUMOSTOCK" (STOCKACTUAL, STOCKMINIMO, IDINSUMO, PESO) VALUES ('20', '3', '6', '10');
INSERT INTO "RESTAURANT"."INSUMOSTOCK" (STOCKACTUAL, STOCKMINIMO, IDINSUMO, PESO) VALUES ('20', '5', '7', '10');
INSERT INTO "RESTAURANT"."INSUMOSTOCK" (STOCKACTUAL, STOCKMINIMO, IDINSUMO, PESO) VALUES ('20', '5', '8', '10');
INSERT INTO "RESTAURANT"."INSUMOSTOCK" (STOCKACTUAL, STOCKMINIMO, IDINSUMO, PESO) VALUES ('20', '2', '9', '10');
INSERT INTO "RESTAURANT"."INSUMOSTOCK" (STOCKACTUAL, STOCKMINIMO, IDINSUMO, PESO) VALUES ('20', '5', '10', '10');
INSERT INTO "RESTAURANT"."INSUMOSTOCK" (STOCKACTUAL, STOCKMINIMO, IDINSUMO, PESO) VALUES ('20', '5', '11', '10');


--TABLA MEDIOPAGOTX
INSERT INTO "RESTAURANT"."MEDIOPAGOTX" (RUT, DVCLIENTETX, DESCMEDIOPAGO, MONTO, IDMEDIOPAGO) VALUES ('4', '4', 'CASH', '10000', '1');
INSERT INTO "RESTAURANT"."MEDIOPAGOTX" (RUT, DVCLIENTETX, DESCMEDIOPAGO, MONTO, IDMEDIOPAGO) VALUES ('4', '5', 'CASH', '8000', '1');
INSERT INTO "RESTAURANT"."MEDIOPAGOTX" (RUT, DVCLIENTETX, DESCMEDIOPAGO, MONTO, IDMEDIOPAGO) VALUES ('4', '6', 'CASH', '12000', '1');

--TABLA ROL
INSERT INTO "RESTAURANT"."ROL" (DESCRIPCIONROL, FECHACREACION) VALUES ('ADMINISTRADOR', TO_DATE('2020-10-01 23:14:38', 'YYYY-MM-DD HH24:MI:SS'));
INSERT INTO "RESTAURANT"."ROL" (DESCRIPCIONROL, FECHACREACION) VALUES ('SUPER USUARIO', TO_DATE('2020-10-01 00:00:00', 'YYYY-MM-DD HH24:MI:SS'));
INSERT INTO "RESTAURANT"."ROL" (DESCRIPCIONROL, FECHACREACION) VALUES ('CHEFF', TO_DATE('2020-10-01 00:00:00', 'YYYY-MM-DD HH24:MI:SS'));
INSERT INTO "RESTAURANT"."ROL" (DESCRIPCIONROL, FECHACREACION) VALUES ('GARZON', TO_DATE('2020-10-01 00:00:00', 'YYYY-MM-DD HH24:MI:SS'));
INSERT INTO "RESTAURANT"."ROL" (DESCRIPCIONROL, FECHACREACION) VALUES ('CLIENTE', TO_DATE('2020-10-01 00:00:00', 'YYYY-MM-DD HH24:MI:SS'));
INSERT INTO "RESTAURANT"."ROL" (DESCRIPCIONROL, FECHACREACION) VALUES ('INVITADO', TO_DATE('2020-10-01 00:00:00', 'YYYY-MM-DD HH24:MI:SS'));


--TABLA PERMISOS
INSERT INTO "RESTAURANT"."PERMISOS" (FECHAMODIFICACION, IDROL, IDFUNCIONALIDAD) VALUES (TO_DATE('2020-10-01 23:18:32', 'YYYY-MM-DD HH24:MI:SS'), '1', '1');
INSERT INTO "RESTAURANT"."PERMISOS" (FECHAMODIFICACION, IDROL, IDFUNCIONALIDAD) VALUES (TO_DATE('2020-10-01 00:00:00', 'YYYY-MM-DD HH24:MI:SS'), '2', '1');
INSERT INTO "RESTAURANT"."PERMISOS" (FECHAMODIFICACION, IDROL, IDFUNCIONALIDAD) VALUES (TO_DATE('2020-10-01 00:00:00', 'YYYY-MM-DD HH24:MI:SS'), '3', '1');
INSERT INTO "RESTAURANT"."PERMISOS" (FECHAMODIFICACION, IDROL, IDFUNCIONALIDAD) VALUES (TO_DATE('2020-10-01 00:00:00', 'YYYY-MM-DD HH24:MI:SS'), '4', '2');
INSERT INTO "RESTAURANT"."PERMISOS" (FECHAMODIFICACION, IDROL, IDFUNCIONALIDAD) VALUES (TO_DATE('2020-10-01 00:00:00', 'YYYY-MM-DD HH24:MI:SS'), '5', '2');
INSERT INTO "RESTAURANT"."PERMISOS" (FECHAMODIFICACION, IDROL, IDFUNCIONALIDAD) VALUES (TO_DATE('2020-10-01 00:00:00', 'YYYY-MM-DD HH24:MI:SS'), '6', '2');

--TABLA RECETAPRODUCTO
INSERT INTO "RESTAURANT"."RECETAPRODUCTO" (INGREDIENTE, ELABORACION) VALUES ('1 pavo, un chancho 1 pollo', 'Preparar el turducken');
INSERT INTO "RESTAURANT"."RECETAPRODUCTO" (INGREDIENTE, ELABORACION) VALUES ('leche y platano', 'leche con platano');
INSERT INTO "RESTAURANT"."RECETAPRODUCTO" (INGREDIENTE, ELABORACION) VALUES ('harina y agua', 'tortillarla');
INSERT INTO "RESTAURANT"."RECETAPRODUCTO" (INGREDIENTE, ELABORACION) VALUES ('porotos, fideos, longanizas', 'preprar los porotos con rienda');


--TABLA TIPOPREPARACION
INSERT INTO "RESTAURANT"."TIPOPREPARACION" (DescTipoPrep) VALUES ('cocinar');
INSERT INTO "RESTAURANT"."TIPOPREPARACION" (DescTipoPrep) VALUES ('hervir');
INSERT INTO "RESTAURANT"."TIPOPREPARACION" (DescTipoPrep) VALUES ('congelar');
INSERT INTO "RESTAURANT"."TIPOPREPARACION" (DescTipoPrep) VALUES ('gratinar');
INSERT INTO "RESTAURANT"."TIPOPREPARACION" (DescTipoPrep) VALUES ('glasear');
INSERT INTO "RESTAURANT"."TIPOPREPARACION" (DescTipoPrep) VALUES ('freir');
INSERT INTO "RESTAURANT"."TIPOPREPARACION" (DescTipoPrep) VALUES ('asar');
INSERT INTO "RESTAURANT"."TIPOPREPARACION" (DescTipoPrep) VALUES ('moler');


--TABLA PRODUCTO
INSERT INTO "RESTAURANT"."PRODUCTO" (DESCPRODUCTO, PRECIOPRODUCTO, IDESTPRODUCTO, IDTIPOPRODUCTO, IDRECPRODUCTO) VALUES ('pastel de papas', '4990', '1', '1', '1');
INSERT INTO "RESTAURANT"."PRODUCTO" (DESCPRODUCTO, PRECIOPRODUCTO, IDESTPRODUCTO, IDTIPOPRODUCTO, IDRECPRODUCTO) VALUES ('carbonada', '4990', '1', '2', '2');
INSERT INTO "RESTAURANT"."PRODUCTO" (DESCPRODUCTO, PRECIOPRODUCTO, IDESTPRODUCTO, IDTIPOPRODUCTO, IDRECPRODUCTO) VALUES ('tomatican', '4990', '1', '3', '3');
INSERT INTO "RESTAURANT"."PRODUCTO" (DESCPRODUCTO, PRECIOPRODUCTO, IDESTPRODUCTO, IDTIPOPRODUCTO, IDRECPRODUCTO) VALUES ('pastel de choclo', '4990', '1', '1', '4');


--TABLA PRODPREPARACION
INSERT INTO "RESTAURANT"."PRODPREPARACION" (TIEMPOPREPARACION, IDPRODUCTO, IDTIPOPREP) VALUES ('10', '1', '1');
INSERT INTO "RESTAURANT"."PRODPREPARACION" (TIEMPOPREPARACION, IDPRODUCTO, IDTIPOPREP) VALUES ('10', '2', '2');
INSERT INTO "RESTAURANT"."PRODPREPARACION" (TIEMPOPREPARACION, IDPRODUCTO, IDTIPOPREP) VALUES ('10', '3', '3');
INSERT INTO "RESTAURANT"."PRODPREPARACION" (TIEMPOPREPARACION, IDPRODUCTO, IDTIPOPREP) VALUES ('20', '4', '4');


--TABLA PROVEEDOR
INSERT INTO "RESTAURANT"."PROVEEDOR" (RUTPROVEEDOR, DVPROVEEDOR, NOMPROV, FONO, IDESTPROVEEDOR) VALUES ('77', '7', 'gallinita feliz', '767876543', '1');
INSERT INTO "RESTAURANT"."PROVEEDOR" (RUTPROVEEDOR, DVPROVEEDOR, NOMPROV, FONO, IDESTPROVEEDOR) VALUES ('78', '8', 'chanchito feliz', '452365654', '1');
INSERT INTO "RESTAURANT"."PROVEEDOR" (RUTPROVEEDOR, DVPROVEEDOR, NOMPROV, FONO, IDESTPROVEEDOR) VALUES ('79', '9', 'papita feliz', '2642572546', '1');
INSERT INTO "RESTAURANT"."PROVEEDOR" (RUTPROVEEDOR, DVPROVEEDOR, NOMPROV, FONO, IDESTPROVEEDOR) VALUES ('80', '0', 'choclito feliz', '5465633754', '1');
INSERT INTO "RESTAURANT"."PROVEEDOR" (RUTPROVEEDOR, DVPROVEEDOR, NOMPROV, FONO, IDESTPROVEEDOR) VALUES ('81', '1', 'harinita feliz', '2656365', '1');
INSERT INTO "RESTAURANT"."PROVEEDOR" (RUTPROVEEDOR, DVPROVEEDOR, NOMPROV, FONO, IDESTPROVEEDOR) VALUES ('82', '2', 'pancito feliz', '3264235435', '1');


--TABLA USUARIOROL
INSERT INTO "RESTAURANT"."USUARIOROL" (FECHAMODIFICACION, IDROL, IDPERSONA) VALUES (TO_DATE('2020-10-01 23:39:31', 'YYYY-MM-DD HH24:MI:SS'), '1', '1');
INSERT INTO "RESTAURANT"."USUARIOROL" (FECHAMODIFICACION, IDROL, IDPERSONA) VALUES (TO_DATE('2020-10-01 00:00:00', 'YYYY-MM-DD HH24:MI:SS'), '2', '2');
INSERT INTO "RESTAURANT"."USUARIOROL" (FECHAMODIFICACION, IDROL, IDPERSONA) VALUES (TO_DATE('2020-10-01 00:00:00', 'YYYY-MM-DD HH24:MI:SS'), '5', '3');
INSERT INTO "RESTAURANT"."USUARIOROL" (FECHAMODIFICACION, IDROL, IDPERSONA) VALUES (TO_DATE('2020-10-01 00:00:00', 'YYYY-MM-DD HH24:MI:SS'), '5', '4');
INSERT INTO "RESTAURANT"."USUARIOROL" (FECHAMODIFICACION, IDROL, IDPERSONA) VALUES (TO_DATE('2020-10-01 00:00:00', 'YYYY-MM-DD HH24:MI:SS'), '1', '5');


--TABLA DETALLEORDEN
INSERT INTO "RESTAURANT"."DETALLEORDEN" (CANTIDAD, IDORDEN, IDPRODUCTO,precioprod,idestado,horadetord ) VALUES ('1', '1', '1',4000,1,TO_DATE('2020-10-01 23:39:31', 'YYYY-MM-DD HH24:MI:SS'));
INSERT INTO "RESTAURANT"."DETALLEORDEN" (CANTIDAD, IDORDEN, IDPRODUCTO,precioprod,idestado,horadetord ) VALUES ('1', '2', '2',4000,1,TO_DATE('2020-10-01 23:39:31', 'YYYY-MM-DD HH24:MI:SS'));


--DARLE COMMIT SI LES SALE SIN ERRORES.
